{"cameraMode":{"drawMode":0,"name":"Shaded","section":"Shading Mode"},"sceneLighting":false,"audioPlay":false,"sceneViewState":{"showFog":false,"showMaterialUpdate":false,"showSkybox":false,"showFlares":false,"showImageEffects":false,"showParticleSystems":false},"in2DMode":false,"pivot":{"x":0.7171287536621094,"y":-1.40283203125,"z":1.1748046875},"rotation":{"x":0.3657815456390381,"y":-0.12371175736188889,"z":0.04911446571350098,"w":0.9211403727531433},"size":3.499391794204712,"orthographic":true}