{"cameraMode":{"drawMode":0,"name":"Shaded","section":"Shading Mode"},"sceneLighting":true,"audioPlay":false,"sceneViewState":{"showFog":false,"showMaterialUpdate":false,"showSkybox":false,"showFlares":false,"showImageEffects":false,"showParticleSystems":false},"in2DMode":false,"pivot":{"x":0.9929981827735901,"y":0.10941362380981446,"z":-6.369819164276123},"rotation":{"x":0.1626189649105072,"y":-0.22946715354919434,"z":0.03891740366816521,"w":0.9588462114334106},"size":4.828232288360596,"orthographic":true}