{"cameraMode":{"drawMode":0,"name":"Shaded","section":"Shading Mode"},"sceneLighting":false,"audioPlay":false,"sceneViewState":{"showFog":false,"showMaterialUpdate":false,"showSkybox":false,"showFlares":false,"showImageEffects":false,"showParticleSystems":false},"in2DMode":false,"pivot":{"x":-6.963483810424805,"y":-5.187857627868652,"z":10.187426567077637},"rotation":{"x":0.31311264634132388,"y":-0.11699318885803223,"z":0.03889559581875801,"w":0.9416890144348145},"size":9.350944519042969,"orthographic":false}