{"cameraMode":{"drawMode":0,"name":"Shaded","section":"Shading Mode"},"sceneLighting":true,"audioPlay":false,"sceneViewState":{"showFog":false,"showMaterialUpdate":false,"showSkybox":false,"showFlares":false,"showImageEffects":false,"showParticleSystems":false},"in2DMode":false,"pivot":{"x":0.436382532119751,"y":1.1301002502441407,"z":-0.4890778064727783},"rotation":{"x":0.605303168296814,"y":0.037689756602048877,"z":-0.028712011873722078,"w":0.7945862412452698},"size":4.728822708129883,"orthographic":false}