{"cameraMode":{"drawMode":0,"name":"Shaded","section":"Shading Mode"},"sceneLighting":false,"audioPlay":false,"sceneViewState":{"showFog":false,"showMaterialUpdate":false,"showSkybox":false,"showFlares":false,"showImageEffects":false,"showParticleSystems":false},"in2DMode":false,"pivot":{"x":3.7211906909942629,"y":-3.120392322540283,"z":3.3330044746398927},"rotation":{"x":0.3294941186904907,"y":-0.17560814321041108,"z":0.06251474469900131,"w":0.9255756735801697},"size":6.607396125793457,"orthographic":false}