{"cameraMode":{"drawMode":0,"name":"Shaded","section":"Shading Mode"},"sceneLighting":false,"audioPlay":false,"sceneViewState":{"showFog":false,"showMaterialUpdate":false,"showSkybox":false,"showFlares":false,"showImageEffects":false,"showParticleSystems":false},"in2DMode":false,"pivot":{"x":0.847649097442627,"y":-1.0051980018615723,"z":2.395597219467163},"rotation":{"x":0.2043074667453766,"y":-0.4045478403568268,"z":0.0932231992483139,"w":0.8865267634391785},"size":5.18287992477417,"orthographic":false}