{"cameraMode":{"drawMode":0,"name":"Shaded","section":"Shading Mode"},"sceneLighting":true,"audioPlay":false,"sceneViewState":{"showFog":false,"showMaterialUpdate":false,"showSkybox":false,"showFlares":false,"showImageEffects":false,"showParticleSystems":false},"in2DMode":false,"pivot":{"x":3.6904828548431398,"y":2.198605537414551,"z":-7.031323432922363},"rotation":{"x":-0.25526800751686098,"y":-0.07445309311151505,"z":0.01972593367099762,"w":-0.9638465046882629},"size":8.47693920135498,"orthographic":false}