{"cameraMode":{"drawMode":0,"name":"Shaded","section":"Shading Mode"},"sceneLighting":false,"audioPlay":false,"sceneViewState":{"showFog":false,"showMaterialUpdate":false,"showSkybox":false,"showFlares":false,"showImageEffects":false,"showParticleSystems":false},"in2DMode":false,"pivot":{"x":-0.045623779296875,"y":1.619140625,"z":0.24755859375},"rotation":{"x":0.18965139985084535,"y":0.3612971007823944,"z":-0.07530952990055084,"w":0.9098502993583679},"size":8.152724266052246,"orthographic":true}