{"cameraMode":{"drawMode":0,"name":"Shaded","section":"Shading Mode"},"sceneLighting":false,"audioPlay":false,"sceneViewState":{"showFog":false,"showMaterialUpdate":false,"showSkybox":false,"showFlares":false,"showImageEffects":false,"showParticleSystems":false},"in2DMode":false,"pivot":{"x":-0.39992809295654299,"y":19.516542434692384,"z":3.0033016204833986},"rotation":{"x":0.15163475275039674,"y":-0.09915897250175476,"z":0.015290819108486176,"w":0.9833314418792725},"size":26.23092269897461,"orthographic":false}