{"cameraMode":{"drawMode":0,"name":"Shaded","section":"Shading Mode"},"sceneLighting":false,"audioPlay":false,"sceneViewState":{"showFog":false,"showMaterialUpdate":false,"showSkybox":false,"showFlares":false,"showImageEffects":false,"showParticleSystems":false},"in2DMode":false,"pivot":{"x":0.12912213802337647,"y":0.8702602386474609,"z":1.2182265520095826},"rotation":{"x":0.8934693932533264,"y":0.0805201604962349,"z":0.1778613179922104,"w":-0.4044782221317291},"size":1.4947266578674317,"orthographic":false}