{"cameraMode":{"drawMode":0,"name":"Shaded","section":"Shading Mode"},"sceneLighting":false,"audioPlay":false,"sceneViewState":{"showFog":false,"showMaterialUpdate":false,"showSkybox":false,"showFlares":false,"showImageEffects":false,"showParticleSystems":false},"in2DMode":false,"pivot":{"x":-0.04692798852920532,"y":0.11318540573120117,"z":0.05231541395187378},"rotation":{"x":0.2701891362667084,"y":0.25879114866256716,"z":-0.07565046101808548,"w":0.9242849349975586},"size":0.7144899368286133,"orthographic":false}